4f1beaa5e4b0d1a6562c3cbf,24
4b4ea544f964a52046f326e3,20
4f24cc6ae4b0fd183845b5be,16
4c9637e4f7cfa1cd7820c415,13
4dc63323ae608779d14f7bc3,11
4f6d8307e4b03b575c3f0fbe,10
4df9aad47d8b1f1d6c05ecee,7
4b5d1bc0f964a520085329e3,7
4d36c2b910248cfa79ef87cf,5
4f18d46de4b00ed3533fa312,3
4cbe4dbd9ca854818825b016,3
4ed499d7be7b276c5f88719b,2
4f6f1bade4b0541c62f0298d,2
4ec9ba3df5b9e881952f0065,1
4f8e4c34e4b0036b6efdfc73,1
4cf8ee43a348f04d93a0fa5c,1
4d00bdc2f7b38cfa88e4d0c3,1
4f5a2770e4b0bd7c85da3388,1
4cff83616923721ea5b7bf3b,1
4d45119f2e326ea8a40deba6,1
4f6b38f1e4b0e8b6ff7989be,1
4ba0a9e1f964a5207e7637e3,1
4c25bf025c5ca593f6f644fe,1
4cdb864c2db58eec74b812a9,1
50e2d03de4b0fe5be096dbd4,1
4f3b9010e4b08b7acecd17d1,1
