4e4ec62b1f6eae4d25109824,41
4e12a21c52b1655efa50c097,10
4b058710f964a520237e22e3,5
4c08e6176071a5938ee7dc32,4
4c6a96451a6620a1ff6c668c,3
4c38496a2c8020a1848e8a00,3
4e116b72483bee47ff31fb04,3
4e83f8a529c2cfe723990d32,2
4e6a4c3d922ec475e8969d0d,2
4b5ae765f964a5209bd928e3,2
4d3018e796fe6ea8c2cc1144,2
4e6755c2183850162844fd16,2
4b172a0df964a52042c323e3,2
4cc7b8f0caa5a1cd927a99e7,2
4e99211329c274e1f902db0c,1
509a316de4b05c8e0e499627,1
4d3afa006de7721e39eaf349,1
4ece48392c5bc35054805c05,1
4c6bfca465eda093ba994ad0,1
4ccfe8ad7f56a143d841caa6,1
4d96ebc661a3a1cd8dbba742,1
4d4fa8cbc5ff6ea84ec09207,1
4c173d476470a593120558d2,1
4bfbe6c55244c9b65179bbeb,1
4d3d507e8edf37043e6ab8a5,1
4c0db8ce98102d7fafb0e206,1
4d9f03da36818cfa09790001,1
4e3d5e6752b1a04aff166d23,1
4d8744de9324236a3366f20e,1
4ec38961cc213c5f1f57fb58,1
4dbbe4af815439392f9709c8,1
4b05870ff964a520c17d22e3,1
4eefc6d76da156f4aaea2f08,1
4cdbe1ad4e15a0901ce1e72b,1
4bad93d7f964a520b05c3be3,1
4fa11e4de4b025db9817c4dc,1
4e32cff3aeb732004426ed83,1
4cbd9b3ca33bb1f7f20aa0fd,1
4defa2add22ddfee16fc26d9,1
4d957f9761a3a1cd6dd38442,1
4e7474b262e1263515f2cd97,1
4de0a5931f6ece647380322f,1
4ec63c1293ad41338b4e1a79,1
4ccf1034c9b846880138ccc3,1
4b9fe0e0f964a520e34637e3,1
4fe5f312e4b079b3810dc0fa,1
