4e797cf252b1fc6a4aea6e34,37
4e2fe2f3fa7614797de7522c,30
4e18757718a8166f738bc898,17
4db294e06a23c6f1b05ecfad,10
4db2c0e46a23c31a02f1fad7,9
4db80ce1fc603fffaf717a7f,7
4f420da3e4b0f6acbcf21dee,6
4e720decb0fb9f3b350ba5af,6
5152e9b7e4b0ed45a94f01fa,5
4e0627426284d9ee92cd3cda,5
4d15cdf5f57860fc67f4c59d,5
4db8087dfc603fffaf7163ed,5
4c0118909a950f47e48308c6,4
4f578e82e4b06d73d878e864,4
4d274ee855a8b60c85a7c2c0,3
4db9687d8154ce84dc26ce4b,3
4ee62c8729c220f973516cb1,2
4f69af1de4b06e950a01ca3f,2
4df9d1c418a8ab1870bc1f49,2
4d47e4ddb3ba60fc6e82477e,2
4f3defc8e4b0b8bcf227f3c3,2
4dccfaeed22deadedd2d0e57,2
4f921670e4b076d2ca0158d9,2
4d930edafa1ef04d9f3463c7,1
4f623c9be4b09a0649113047,1
4e0f24c1d22d8582bdc5c3b2,1
4db7d2306e81c67f61c01da8,1
50e05891498edccaea078076,1
4dc10248d16455f8321f1646,1
4e0f260c45ddc2c6d17e93fb,1
4db58369a86e8d270798bca3,1
4eabc124e5fa45480e34e109,1
51c48169498eccfe963f7134,1
4db675001e7248d135c943ff,1
4d15d11df57860fc65f6c59d,1
4da557c2a86e226c26b556d7,1
4ebbc36c93ad649fc22ae589,1
50e92c16e4b005f7a8fa53f1,1
512f293ae4b0b5c1afc41239,1
501550cde4b06a7cdb375c02,1
509787fae4b0f94e05d3f67c,1
4e2d7c16aeb745b1fad7f740,1
4ea41b879a527d6517bffc83,1
4f120ff9e4b0960dff7ca790,1
4e849e17cc21ac539c9f36fc,1
4e116c828877ac23b6610616,1
4ff81bdee4b0734a7b023150,1
4ea0551d775ba9493a7d0b2f,1
4e214abed22d0a3f59f6acca,1
