4e3ccdc145dd68e32731808b,111
4b5bd573f964a520e21829e3,41
4e6db5c2152072bc240b995e,37
4fb1ee38e4b010d66e9c51ee,16
4c9ee3c97c096dcb4cf7d9d1,11
4d3a9be7039eb60c0623ed9c,10
4ef1fc370aaf88e561732dde,9
4d19bf08bb64224bedd9d065,9
4c673754aebea593fcab75d0,9
4b8679cdf964a520c48b31e3,8
4f219757e4b01040d4d94c30,8
4c6bebaa0c3ac9b6fbfbd238,6
4d3c01c1d2c8f04daae05d72,6
4bcb077c3740b71349aa6165,6
4e02cd77c65b8061424c844e,6
4ef42e290e61358da5479427,6
4da196a6bf22a1433ec19ef8,5
4dd4fe5e183859a589aec996,5
4b72123ef964a520386d2de3,5
4fb20279e4b0e1e96902cc2b,5
4f4dcaf6e4b05ebee547c2d7,5
4d03654b2f96f04d03821754,4
4bd91488e914a59397aa55fa,4
50691c28e4b064a76da38378,4
4c8d9773f87e224b72123f05,4
4ec2ee070aaff2ad8a1d0b74,3
4d5a389b8492a143e1ad3027,3
4c27228ef1272d7f80bf87c5,3
4b72bc57f964a52021862de3,3
4e32698bfa76d813b3dbf3fc,3
4b867af1f964a520f78b31e3,3
4c19fbc0838020a1c179e661,3
4ccd341572106dcbdc7aa199,3
4bc51d660a30d13a67ae599c,3
4e7b5a0d1f6ebc9a03ad5818,3
4c62c16eedd320a1a59ead29,3
4d69c95b9bd6a143f9d864df,3
4fa7bd6fe4b0d905274117b1,3
4f129b19e4b0d85e53608cce,2
4cfa430cdccef04d6c27b49c,2
4db7a466a86e0cd3b655a55a,2
4f59aaade4b003e0f3c36379,2
4f2fdf4de4b056f83da69247,2
4cc7b32b0fa2721e21cd5fb1,2
4fea4f47e4b0c968c42292af,2
4c5ff74d048b9521ae3a3078,2
4e4f802945ddff0031c09cc2,2
4f606cb5e4b0465a9d8bf61d,2
4c667fc5f101ef3bcdb66ee9,2
4facfbbbe4b068aefd8fff59,2
4bc510516c26b713e3deeaf3,2
4d9c1a0f6bd2a35d9e76c0c8,2
4b73f50cf964a52091c12de3,2
4e9cf58b9adfe5e71c96848f,1
4c47be06eb489c74ce3dc947,1
4df4a2a314954f21cf32477a,1
51775ddee4b0c9d226e40e2e,1
4e2e768ee4cdb5a70d5e5933,1
4f86b54be4b0fa91a183e22f,1
4d46c27d7e2e54819db6768f,1
4f0a79f9e4b0ef60efa1868b,1
4e3cda5d52b1a04aff10d33f,1
5049942de4b0f3a8fa7c7920,1
4d3ab591979ea1437a6893fc,1
4cff8f6aba1da1cdcde18328,1
4bf2647555c7c9b67c0a6204,1
4d3906d6acf1b60cb3d18618,1
4c42a974af052d7f86617f79,1
4c7ce09ef56a370445020946,1
4d849a7fd1854eb98e2b9460,1
4bfa147f4a67c9285adb27cf,1
4dabcbce1e72c1ab9c120c32,1
4fb36416e4b0290831a1a0d9,1
51a1b143498ef31a5f547ff6,1
4cd6515476ab721ed89e726a,1
4d35ba738c42a1cd4653065e,1
4b6af403f964a520a4e82be3,1
4e80aa3e0aaf2c9561ed3c23,1
50cf270ee4b0212e96990602,1
4d0d5f4c3905b1f7f9129a4b,1
4c424bf2cc410f47e29fac61,1
4cadc447d1f8b60c0b5f71c6,1
4eddd8cb2c5b50aba2a52244,1
4c3911aaae2da59378f001c6,1
4cfae8d97945224bd71b83e7,1
517d304d498e36215bc1daf4,1
4cb862a3bac937040344dc7c,1
4d94a53607d0ba7aa3916ff8,1
4b904f05f964a5201f8333e3,1
4ce6a701b9975481c283f144,1
4df2233cae609e69dd940a70,1
4f6c4e10e4b01489b87bea26,1
510f4e02e4b01d3afc4ec228,1
4d1ecfd416cfb60c219c4c61,1
4bf3df49706e20a1fca1a898,1
4fb4f660e4b0019cc99eabd3,1
4c037143310fc9b634f2c561,1
4cadb5a18b57a1cd4ad19975,1
4e100efe18a84f0f03072555,1
4c64ad2cf7c09c74752acbfe,1
4f17e361e4b0094a0372d726,1
4d5e47449f67f04d626c5efb,1
4f6a951ae4b003b5e1e55fa3,1
4d8ecceffa943704c7980cc6,1
4bade64af964a520fb703be3,1
4f40ce95e4b020398cf631ed,1
4bd518fd4e32d13a8876c080,1
4f5bf3a3e4b05cd769d5f4db,1
4e2cdf7a18a80bb05869807a,1
4ef80c7ae3009306709b7f04,1
4d351fb02c76a143b1e28bc7,1
4fb31f75e4b035d022ea0f5c,1
4d54c621143ca0934b21a8fc,1
4f1f98c5e4b09603a434ef31,1
50ac6304e4b0aee59c491dd7,1
4b5fd632f964a5205cce29e3,1
4f899f5ce4b039b1453ddb35,1
4c26d0525c5ca5935eef46fe,1
4bc7892393bdeee1ce7d37ae,1
4b793a1af964a520e3ef2ee3,1
4cf480d41c158cfa941ae4b5,1
4eb9d5667ee58c2d65f31cb2,1
4d8d917cfa9437043bd1ecc5,1
4e1c3a45887735dda34081ba,1
4dd274be8877261f70fbba57,1
4c96c01894a0236aaed7a112,1
4eba4f6bdab495868c45e586,1
4dc66641d4c0ad9c0fa03501,1
4bf7b4a8508c0f4791e33d31,1
4e4a1a16a80997a2dbee3355,1
4c414f7ed7fad13a847607da,1
4f5d5e59e4b06784f9610ced,1
4d649f46b470a143431d1cfe,1
