4b30df8ff964a5205cfc24e3,37
4b05885cf964a520c7c022e3,13
4dbeb1835da3ff58ec7f9fdf,3
4aee0efcf964a520acd121e3,2
4b4cc9a9f964a520dfbe26e3,2
4b0ea0d2f964a520165923e3,1
4e629512e4cdf1e2bf5f875f,1
50eae008e4b036fe5fdcaa71,1
4b48cf75f964a520095826e3,1
4b168e53f964a5204eba23e3,1
4bf0e76321072d7fd573208b,1
4b058860f964a520e2c122e3,1
4dce823dd22deadedd53305e,1
4b4f1b73f964a52071fa26e3,1
4b05885ff964a520bcc122e3,1
4be6960f2468c9284a830143,1
4d91bceb9acaa14322a8edf0,1
4cac57d1a6e08cfac216aa94,1
518e3d3a498e2f71e6093970,1
51a88ceb498ec1c8a492d9c6,1
