4e88deeae5fa8735be4e51bb,24
4c74c8d03adda143959905af,23
4d6bb5949d7e2d437e5023b3,18
4b9e25c3f964a52098cd36e3,13
4ccfcdba01eaf04dbef7b45d,11
4b545512f964a520ceb727e3,10
515f1c37e4b0ed1bdb6fc893,10
4d96cf01af3d236a75d313c7,6
4b90c1b1f964a520659633e3,3
4b802c5ef964a520305930e3,2
50be43bde4b05ba3379f4487,2
4daadbb9cda1652a2b95d167,1
4db80725815445bd47ca0b72,1
4ca4d4a75720b1f7db6d3def,1
4ba8fea7f964a5209c013ae3,1
4c5bd90994fd0f476dffc645,1
4bd1bc3c9854d13ab50dfa4d,1
4dcd1de4d4c065592f5cbc5b,1
51864e01498ee41637bad24f,1
4bab1e62f964a520c2953ae3,1
50992212e4b0ad6020630e35,1
4b8ed66cf964a5200c3a33e3,1
4bab8abaf964a520e3b13ae3,1
506dcc6de4b035622aa0f32d,1
4dc811331f6ef43b8a53f8ba,1
502ec582e4b04de6f34e7de7,1
4c98f72407916dcb37bbf01b,1
4e16bef0e4cd70c587bb2447,1
50465e1ee4b03314a3f19bc9,1
4ba6768ef964a520145539e3,1
4baf4453f964a5207af43be3,1
