4f53bbcde4b063296e6c924b,139
4b2a4fe8f964a5202fa724e3,5
4e76164f483b0cf5ed07bcd7,3
41326e00f964a520c10f1fe3,3
4cd6c4b9dfb4a1cd4bb9605c,2
4b15507bf964a520a8b023e3,2
4b2bbab7f964a520dfb924e3,2
4ba25fdcf964a52091f237e3,2
4aecb0aff964a5204eca21e3,2
4515bf9df964a520033a1fe3,1
4b6dc4c4f964a520128e2ce3,1
4b15507bf964a520a7b023e3,1
4a7e2053f964a52011f11fe3,1
4b231acbf964a520555324e3,1
4514e1edf964a520e4391fe3,1
4a57dd94f964a520f8b61fe3,1
4b8b5437f964a5206b9c32e3,1
4a68e3caf964a52037cb1fe3,1
51260b54e4b0180a1c940b7a,1
4e6b9910fa76cd0f7734e25f,1
4a73a2c0f964a52005dd1fe3,1
4baa04caf964a52036443ae3,1
4c1913a198f4a5933a86fff5,1
456fd6b5f964a520363e1fe3,1
4b2804edf964a520c18d24e3,1
4b815e5bf964a520eca130e3,1
4b75b92ff964a520dc1f2ee3,1
4b452bfef964a520f00626e3,1
4b47cb53f964a520003f26e3,1
4b807251f964a520297330e3,1
