4ce176f978ddf04d24b4ab98,34
4f867035e4b005d95fb27403,32
4b1b1291f964a520a2f723e3,4
4f2f3a3ce4b006ef9b08450e,3
4b257b56f964a520a87224e3,3
4b529c57f964a520d38327e3,3
4b6e0b95f964a52006a62ce3,2
4dde0c131f6e0369473a7915,2
45f412e6f964a520f6431fe3,2
4a998fa0f964a520122f20e3,2
4bf33aaa706e20a1a50da898,1
4b42dad2f964a5207bda25e3,1
4adba1c1f964a5208f2921e3,1
4b6c87c8f964a52024412ce3,1
4bb547d5f562ef3b96cc2e97,1
49ea43ccf964a52041661fe3,1
41fd7500f964a520461f1fe3,1
4b818dd2f964a520a1ae30e3,1
4aff7ebff964a520143922e3,1
40b13b00f964a520caf51ee3,1
4d72bb19ff6ba35d4b0a738a,1
4b50c9ecf964a520963227e3,1
4aff42a0f964a520993622e3,1
4ad138e8f964a5208ddd20e3,1
4bcb8b060687ef3bd2fbddcc,1
4c93fe4058d4b60ccc892429,1
49ed6552f964a520e9671fe3,1
4a999683f964a520472f20e3,1
4a97527cf964a5205d2920e3,1
4b5bb4c3f964a520391129e3,1
4cf030548333224b159f028e,1
4ae4be7df964a520ae9d21e3,1
4a625eebf964a520dfc31fe3,1
4ab3e267f964a520e86e20e3,1
4b5e665bf964a5201d8d29e3,1
4b7f974bf964a520c53530e3,1
4fb6df8be4b06452f31ff8b1,1
4ad60cf8f964a520ce0421e3,1
4b7c4b62f964a520588a2fe3,1
4e42e1633151bbd0d9479659,1
4a873f81f964a520710320e3,1
4b663de5f964a5205d1a2be3,1
4a9dc57df964a520563920e3,1
49daa665f964a5209e5e1fe3,1
4f74add7e4b006a67e18a7d5,1
4f90fb65e4b02081d0d69f3d,1
4a8dad02f964a5207e1020e3,1
