5171f91de4b0199b2d59d266,23
512b4adee4b0067bb36549ac,11
4da7f0024df0af29b702ad13,7
4eb5e7629adfc68712a0b9d5,6
4f607cdce4b07ca95a338971,5
4b6aa916f964a52034db2be3,5
4c10dfc66b7e2d7f9e3e2835,5
4c15fea277cea59330f2d260,4
4c8cbbc5509e3704e7e23555,2
4e6f6c95149506c77afdcdcd,2
4d25649c3b62f04d59902078,2
4ddf8ffbb0fbefa198c77c78,1
4cf26ca61d18a14354eb59ec,1
4d704e09419da35da62604d8,1
4b87d86ff964a520e0ce31e3,1
4f241be9e4b083187636c975,1
4c9996cf7421b71390a6f813,1
5097af2de4b0cb1b3335fac7,1
4f647b4ae4b0ce431d1e2fdc,1
4c4d73149efabe9a602f8268,1
4df552be7d8b18e172355443,1
4e0e76ab1838f62321c61e18,1
4fd1ddcbe4b08fd5d94bc335,1
4c521c3e99ecc9b65cc25d5a,1
4f1b7da8e4b095bc45d496d4,1
4b698eecf964a52042a72be3,1
50050656e4b0243eb727b6ea,1
4ce8b0e1b9975481b659fe44,1
4c96c299bc279c74496a6953,1
50bcad48e4b0ca404dca184d,1
4f50cbc3e4b0f1f5fe8f22c3,1
4dac4d37a86e771ea74ab26d,1
4d4e5b6a122b5481ddb7844f,1
4ef92ab32c5b0445025c5395,1
4f176f44e4b01130e6ffb643,1
