4f4232c36d868e69e9f896b5,33
4ee77781771646bc5b7042c9,23
4ca53c51d971b1f7a828f5e0,20
4e66d2d531513f0d3b0800cc,7
4e74d939ae60c32850db3b45,6
4bbfde0ff8219c744bd5b010,6
50251183e4b0b95e984d8d5c,5
515beb3ae4b07c3dd97f9db4,4
4f79b018be7732e03d9d0775,4
4bc0441a4cdfc9b6f7aa9221,4
4e546890922e6657b5689052,4
4d785881d1562d438fcf3bd5,4
50505fc7e4b044b024dbd7a8,4
4bdf783cc3392d7fa14a9cd5,4
4bbfefe0f8219c74faf9b010,3
4f7535bae4b09b052908f115,3
502c4117e4b0ed38f5f9cab7,3
4bc2955fb492d13a5bcba760,3
4cc7e9d0caa5a1cdf6579ae7,3
4c936914d84a6dcbffd23c87,3
4f7c4c13c2ee9383a03f5e25,3
4bfcfda2f61dc9b6404f9ede,3
51791355e4b0de302b625e1e,2
50261b7ce4b07f3294e44809,2
4cb6e1db3ac93704d2e3d60a,2
4cca1859b7d9a143c682fa36,2
4bd7e11a35aad13a23cd8ff3,2
4c0778770ed3c928068e797d,2
4c4a5e46f7cc1b8d93bc473e,2
4f76c58ce4b0948935d2599c,2
4e0f5839b0fb59de67df8e41,2
4c1c0e7c8b3aa593ce4a985f,2
4ce121e6f8cdb1f7cbd29a12,2
4bc2958fb492d13a92cba760,2
4d4163de7a516ea8665fc382,2
4c7ba3952d3ba143e97994d0,2
4deaddefc65be8091db2b01e,2
4df98f1cc65bde78179b1a81,2
50336e3ce4b0d660de74aeaf,2
4ff4bd0fe4b0e8d00c85e289,2
51230c78e4b03a6d5102bb62,2
50bd441ee4b0e286cdf0a91f,2
4fb3d8bee4b0e9af889b91f3,2
4fa0bd2be4b008669d686770,1
4d2ac875915fa093f4a9110a,1
4c56728d4cc1ef3b2e514b12,1
50a619c4e4b0d40bc253f73b,1
4f9a5666e4b060916744da96,1
4f93f624e4b03330aaabe1e9,1
4e79653ad1642a6ecf0133b2,1
510da6e9e4b0d7e118c62792,1
50385d19e4b0b15ca5384d13,1
4bb09afff964a520fa4e3ce3,1
506d6e6ae4b0f42ca34d05d3,1
4e95143261afef051b8e10dc,1
4f95129de4b01b8990da72a0,1
518b415b498ef3898ed75605,1
5082ac71e4b0fedebdd0f3ca,1
4eb528aaf790d87d0296af00,1
5096952ce4b09d8b5f64e845,1
4f140bb7e4b0d59e228c41ae,1
4f79b61abe7732e03d9dbd64,1
4c46746089a6c9b659689788,1
51f62448498e93a646436d64,1
50e41e43e4b0c970a0340c7c,1
4d23d0dfe704b60c91015ca9,1
4fd0cbbae4b0c06138fb933c,1
512dd70be4b02b8e0a21c807,1
4eee1ce30e01899e0072c299,1
4fba32d2e4b0b2367c3962da,1
4c1c68b963750f472c9ab667,1
50682e99e4b007c937de1564,1
4f1dee1ae4b03ae364bfe3c9,1
4c93f5ad82b56dcb5da0caaa,1
4c5b968d7f661b8d1f7e461c,1
4e88102c4901b131539868a9,1
4d258e713b62f04de49a2178,1
4f73ba54e4b00a080d539e43,1
50895258e4b00d7650b29b20,1
4e6c9b54a80957ae44cdc256,1
4c294388783d9c74c6768f6b,1
5089516ae4b035c4ea70b3a6,1
4cf0e2e08333224b7df0068e,1
4d47a3af4e7a6ea83b866d32,1
4ceb9edaf86537049daac3c4,1
4c036d6a3f03b71302f65141,1
4c3d42864bc9a59394ded371,1
4c0cfa63b1b676b0a1d4df86,1
50488368e4b00f91b9c5266d,1
4bf36b08706e20a1a643a898,1
4bfe640dbf6576b0ec92aeb8,1
4bfded8c2b83b71350d0a998,1
4d4fba4d9ffc236a24b011a7,1
50434179e4b01446ab915358,1
517918ade4b07abc0167f07c,1
506ac34ce4b0ab9925cc5586,1
4be4edd2d4f7c9b66cec2420,1
4cccda9554f0b1f7ba4d19ca,1
500a661ee4b0fec2cd4166b3,1
50fa8b55e4b0ba413b2d12dd,1
50f22848e4b0e0c9d89c49fc,1
4e7aa1f245dd87cfa78289ac,1
512b0dd8582f2cec0770030c,1
4e55a8f9091a87478e8c946b,1
4ecef42877c8ea62fa64fba6,1
50165ddee4b0c79e4917ad48,1
4fb05e2ce4b08885fff69cd7,1
4c25e5c45c5ca5939c2045fe,1
4f937d7be4b0dcd91263cac8,1
4f066a38ca4854225c2887f8,1
4bedfa8e75feef3bdf1597e6,1
516b6159e4b0fa92e6f3d07b,1
50371418e4b02090b33fc63f,1
4cad651a55238cfa2a79b1fb,1
4bbd70ee8ec3d13ac5221c28,1
50a48bbce4b0f94ae676b598,1
4cb1493fbabebfb73d6aa3ab,1
5029fe16e4b0f12a43983cd5,1
4d1bd8bb7e10a35dfe8efa82,1
4e24ed02d22df6f888754d61,1
5046a37be4b00608aa0bdbef,1
4e9d42df4690bdef1012ed90,1
506c3327e4b060cb35194a02,1
51722df9e4b0b77ab6372c17,1
4d10a26e9302a35d0d2f7c6e,1
4e55a6f6091a87478e8c9355,1
4f8252247b0c2c656349837e,1
5163abace4b095f6f04e1456,1
4e55ac58091a87478e8c963d,1
4cd53a8ba5b34688ff8a8c50,1
515e840f498ee74c83a6ad39,1
